{
    "x": 42.59254455566406,
    "y": 64.52507019042969,
    "compass": 272.4201279514776
}