{
    "x": -21.86992645263672,
    "y": 63.72125244140625,
    "compass": 269.96994785089726
}