{
    "x": -50.10750198364258,
    "y": -68.51934814453125,
    "compass": 270.5900197445077
}