{
    "x": -108.01683044433594,
    "y": 23.18564796447754,
    "compass": 182.18472297725495
}