{
    "x": -42.06577682495117,
    "y": 138.53109741210938,
    "compass": 56.613467520660144
}