{
    "x": 101.23896026611328,
    "y": 61.70299530029297,
    "compass": 349.2028469779565
}