{
    "x": 100.30182647705078,
    "y": 19.50211524963379,
    "compass": 0.8804895043032757
}