{
    "x": -47.44196319580078,
    "y": 18.713176727294922,
    "compass": 354.83881855272756
}