{
    "x": 132.40655517578125,
    "y": 191.77005004882812,
    "compass": 90.00211986312087
}