{
    "x": 43.7454719543457,
    "y": 190.86935424804688,
    "compass": 267.33065347257764
}