{
    "x": -3.047851085662842,
    "y": 191.65863037109375,
    "compass": 265.18406162022603
}