{
    "x": 44.98365783691406,
    "y": 238.49038696289062,
    "compass": 4.139666665370716
}