{
    "x": -7.9660868644714355,
    "y": 241.65318298339844,
    "compass": 180.0442509743997
}