{
    "x": 5.332655906677246,
    "y": 148.99696350097656,
    "compass": 359.71062856315757
}