{
    "x": 1.4973909854888916,
    "y": -11.907135009765625,
    "compass": 359.44293978920643
}