{
    "x": 139.39691162109375,
    "y": -16.653602600097656,
    "compass": 90.4793383502405
}