{
    "x": 658.7740478515625,
    "y": 42.698265075683594,
    "compass": 169.15541313540362
}