{
    "x": 664.066162109375,
    "y": 150.43539428710938,
    "compass": 179.75212378359822
}