{
    "x": -166.74508666992188,
    "y": 47.39612579345703,
    "compass": 267.98045034945596
}