{
    "x": 1.9594630002975464,
    "y": 53.12128448486328,
    "compass": 1.2204508577398474
}