{
    "x": -127.26040649414062,
    "y": -14.448448181152344,
    "compass": 272.2989877163583
}