{
    "x": -126.79344177246094,
    "y": -141.56143188476562,
    "compass": 273.7693908408786
}