{
    "x": -189.18728637695312,
    "y": -89.46427154541016,
    "compass": 175.50168340272094
}