{
    "x": -190.1186065673828,
    "y": 2.465757369995117,
    "compass": 178.65739472380693
}