{
    "x": -189.0810089111328,
    "y": 88.98159790039062,
    "compass": 176.61042801068913
}