{
    "x": -128.60789489746094,
    "y": 88.28453826904297,
    "compass": 270.2531001731293
}