{
    "x": -270.6546325683594,
    "y": 2.0397696495056152,
    "compass": 181.13764131711366
}