{
    "x": 149.9564971923828,
    "y": 0.2418847531080246,
    "compass": 90.13330730650931
}