{
    "x": 29.093429565429688,
    "y": 0.6408125162124634,
    "compass": 182.8662255922605
}