{
    "x": 29.5006160736084,
    "y": 153.34495544433594,
    "compass": 179.31557907298603
}