{
    "x": 105.26006317138672,
    "y": 2.250845193862915,
    "compass": 92.96475539674893
}