{
    "x": -49.61668395996094,
    "y": -89.73941802978516,
    "compass": 357.3141610702102
}