{
    "x": 83.49764251708984,
    "y": -245.38821411132812,
    "compass": 359.50386507660295
}