{
    "x": -143.98785400390625,
    "y": 96.1799087524414,
    "compass": 183.52188277144668
}