{
    "x": 3.6899659633636475,
    "y": 135.9739990234375,
    "compass": 91.05880476923521
}