{
    "x": 77.29588317871094,
    "y": -6.301191806793213,
    "compass": 271.82693968244035
}