{
    "x": -76.11172485351562,
    "y": -134.53990173339844,
    "compass": 3.183338369061615
}