{
    "x": 93.4653091430664,
    "y": 55.589149475097656,
    "compass": 301.17374903637057
}