{
    "x": -20.54189682006836,
    "y": -5.722629070281982,
    "compass": 13.959441587929096
}