{
    "x": 80.9815673828125,
    "y": -73.78062438964844,
    "compass": 180.81901299233257
}