{
    "x": 87.6001968383789,
    "y": -201.0492401123047,
    "compass": 92.29612085813969
}