{
    "x": 237.6344451904297,
    "y": -23.10987091064453,
    "compass": 181.51621138205078
}