{
    "x": 235.4471435546875,
    "y": 61.5416259765625,
    "compass": 181.473795907305
}