{
    "x": -147.19358825683594,
    "y": 1.564687728881836,
    "compass": 267.9228308736177
}