{
    "x": 156.5095977783203,
    "y": -254.10780334472656,
    "compass": 92.94662124450254
}