{
    "x": 171.12445068359375,
    "y": 63.64509963989258,
    "compass": 2.062604217779134
}