{
    "x": 158.97589111328125,
    "y": -3.5619778633117676,
    "compass": 274.49268055322625
}