{
    "x": 7.628172874450684,
    "y": -138.8915557861328,
    "compass": 1.8166076977451318
}