{
    "x": 86.51102447509766,
    "y": -135.46017456054688,
    "compass": 92.46662970057989
}