{
    "x": 154.26565551757812,
    "y": -132.54470825195312,
    "compass": 92.45700596403934
}