{
    "x": 146.56565856933594,
    "y": -65.05168914794922,
    "compass": 185.09717028086175
}