{
    "x": 157.00894165039062,
    "y": -202.54737854003906,
    "compass": 182.57785500550256
}