{
    "x": -49.65520477294922,
    "y": 198.3074188232422,
    "compass": 117.04779067434961
}