{
    "x": 12.73726749420166,
    "y": 14.725944519042969,
    "compass": 227.09670016656548
}