{
    "x": 7.447215557098389,
    "y": -205.66082763671875,
    "compass": 89.2867121890754
}