{
    "x": -5.5055975914001465,
    "y": 196.9113006591797,
    "compass": 267.4856168044669
}