{
    "x": -84.83869171142578,
    "y": 135.272216796875,
    "compass": 4.529088620238523
}