{
    "x": -82.92878723144531,
    "y": 5.264496803283691,
    "compass": 358.5179955718033
}