{
    "x": -144.65406799316406,
    "y": 50.26140213012695,
    "compass": 170.90152367596068
}