{
    "x": 337.26177978515625,
    "y": 329.1746520996094,
    "compass": 87.56869421657458
}