{
    "x": 335.8102722167969,
    "y": 197.70504760742188,
    "compass": 1.0419260412566986
}