{
    "x": 92.16259765625,
    "y": 4.848984718322754,
    "compass": 357.8399763532745
}