{
    "x": 335.2535095214844,
    "y": 2.264028310775757,
    "compass": 90.860053094577
}