{
    "x": 159.16207885742188,
    "y": 57.28514099121094,
    "compass": 267.4650169539301
}