{
    "x": 90.45016479492188,
    "y": 326.4998779296875,
    "compass": 179.3993171922104
}