{
    "x": -87.0303726196289,
    "y": -106.52776336669922,
    "compass": 73.53130992493188
}