{
    "x": -20.254764556884766,
    "y": -109.17098236083984,
    "compass": 88.85644442231045
}