{
    "x": -108.83562469482422,
    "y": -35.343589782714844,
    "compass": 92.06056129404429
}