{
    "x": -100.86833953857422,
    "y": -88.57307434082031,
    "compass": 355.05839547416514
}