{
    "x": -130.83917236328125,
    "y": -98.3241958618164,
    "compass": 266.16463089822975
}