{
    "x": 77.4361572265625,
    "y": 8.920110702514648,
    "compass": 164.84560475026058
}