{
    "x": -74.14647674560547,
    "y": -149.52064514160156,
    "compass": 18.6004321855477
}