{
    "x": -188.81671142578125,
    "y": -160.5836639404297,
    "compass": 268.4917856314798
}