{
    "x": -21.200069427490234,
    "y": -159.6307830810547,
    "compass": 269.97281653034867
}