{
    "x": -3.176408290863037,
    "y": -223.5791778564453,
    "compass": 180.39167537672154
}