{
    "x": -151.23370361328125,
    "y": 48.757869720458984,
    "compass": 269.9274367535031
}