{
    "x": -117.47332763671875,
    "y": 48.73627471923828,
    "compass": 269.98557532371825
}