{
    "x": 48.9208869934082,
    "y": 61.87430953979492,
    "compass": 268.2681652380536
}