{
    "x": -100.41320037841797,
    "y": -4.335485458374023,
    "compass": 176.84402048030356
}