{
    "x": -5.427120208740234,
    "y": -7.24190092086792,
    "compass": 180.4694029294763
}