{
    "x": -90.03324890136719,
    "y": -1.6679891347885132,
    "compass": 268.443263967616
}