{
    "x": -200.75924682617188,
    "y": -21.447336196899414,
    "compass": 5.031780297867707
}