{
    "x": -160.2939453125,
    "y": -35.110958099365234,
    "compass": 91.29997874882835
}