{
    "x": 105.93496704101562,
    "y": 129.75094604492188,
    "compass": 269.98120400264946
}