{
    "x": 93.54461669921875,
    "y": 60.96748733520508,
    "compass": 0.9693463167020276
}