{
    "x": 155.5620880126953,
    "y": 2.9550039768218994,
    "compass": 92.57688944435141
}