{
    "x": 335.3818359375,
    "y": 53.205322265625,
    "compass": 184.6591365890105
}