{
    "x": 335.6111145019531,
    "y": 133.8581085205078,
    "compass": 174.2761152391889
}