{
    "x": 90.7052993774414,
    "y": 195.36917114257812,
    "compass": 179.98021112074164
}