{
    "x": -375.2185974121094,
    "y": 21.80779266357422,
    "compass": 85.86672718862329
}