{
    "x": 331.4659729003906,
    "y": -171.02590942382812,
    "compass": 270.50469702139594
}