{
    "x": 114.64496612548828,
    "y": 21.72820472717285,
    "compass": 104.89111263104827
}