{
    "x": 397.5065612792969,
    "y": 5.893616199493408,
    "compass": 84.70562918066697
}