{
    "x": 396.0677185058594,
    "y": -65.99935150146484,
    "compass": 0.823770012609903
}