{
    "x": 6.695708274841309,
    "y": -173.32351684570312,
    "compass": 269.8321965957165
}