{
    "x": -9.484029769897461,
    "y": -256.4501953125,
    "compass": 4.334495250124391
}