{
    "x": -0.34783950448036194,
    "y": -60.38667678833008,
    "compass": 179.83448220461025
}