{
    "x": 256.8754577636719,
    "y": -171.79307556152344,
    "compass": 270.7946522120413
}