{
    "x": -17.052568435668945,
    "y": 322.7167053222656,
    "compass": 203.50580050923173
}