{
    "x": 301.1514892578125,
    "y": -122.2321548461914,
    "compass": 88.95538654262725
}