{
    "x": 315.5517578125,
    "y": -247.9512481689453,
    "compass": 272.2794806960887
}