{
    "x": 188.41517639160156,
    "y": 191.7862091064453,
    "compass": 90.02030182669145
}