{
    "x": 189.3644561767578,
    "y": 239.16651916503906,
    "compass": 184.14383979726804
}