{
    "x": 135.08482360839844,
    "y": 238.79537963867188,
    "compass": 268.7674520663815
}