{
    "x": 43.09310531616211,
    "y": 302.6000061035156,
    "compass": 87.18420237762705
}