{
    "x": 34.18198776245117,
    "y": -189.68896484375,
    "compass": 359.36480242510146
}