{
    "x": 35.883670806884766,
    "y": -141.04849243164062,
    "compass": 183.12043157279
}