{
    "x": -126.13412475585938,
    "y": 148.97923278808594,
    "compass": 89.45767182400081
}