{
    "x": -49.98673629760742,
    "y": 86.38002014160156,
    "compass": 0.9930780224166484
}