{
    "x": -126.78070068359375,
    "y": -1.9647269248962402,
    "compass": 359.8898800477354
}