{
    "x": -126.92198944091797,
    "y": -92.04085540771484,
    "compass": 359.90512502996285
}