{
    "x": 33.079498291015625,
    "y": -89.84258270263672,
    "compass": 183.12362810132157
}