{
    "x": 29.62453842163086,
    "y": 87.53571319580078,
    "compass": 182.49669869778447
}