{
    "x": 28.14699935913086,
    "y": 199.94183349609375,
    "compass": 181.27149936446756
}