{
    "x": -48.92582321166992,
    "y": -0.9424346089363098,
    "compass": 270.3022775351534
}