{
    "x": -98.34113311767578,
    "y": 117.73773956298828,
    "compass": 279.80514704814885
}