{
    "x": -188.16539001464844,
    "y": 48.49869155883789,
    "compass": 270.4887143787381
}