{
    "x": -120.51030731201172,
    "y": -158.18760681152344,
    "compass": 269.643519450084
}