{
    "x": -5.32338285446167,
    "y": -64.32796478271484,
    "compass": 191.33188989865445
}