{
    "x": -3.629690408706665,
    "y": 58.547523498535156,
    "compass": 274.5150835737039
}