{
    "x": -85.24920654296875,
    "y": -63.11355209350586,
    "compass": 266.6999811253753
}