{
    "x": -169.80763244628906,
    "y": 110.80268096923828,
    "compass": 278.0444062423896
}