{
    "x": 60.1102294921875,
    "y": -173.9001007080078,
    "compass": 175.05735227645494
}