{
    "x": 133.62535095214844,
    "y": -170.99569702148438,
    "compass": 89.82580535988616
}