{
    "x": 198.83084106445312,
    "y": -375.55682373046875,
    "compass": 271.4069376899979
}