{
    "x": 259.2126159667969,
    "y": -306.9588317871094,
    "compass": 96.94087488999098
}