{
    "x": 6.014123916625977,
    "y": 135.79774475097656,
    "compass": 178.1531628385199
}