{
    "x": -369.81005859375,
    "y": 28.558000564575195,
    "compass": 97.62441290136917
}