{
    "x": -93.31344604492188,
    "y": 19.939233779907227,
    "compass": 88.5946979129372
}