{
    "x": 203.45077514648438,
    "y": -172.04530334472656,
    "compass": 270.19840401825587
}