{
    "x": 257.0972595214844,
    "y": -120.0750961303711,
    "compass": 88.46469209227519
}