{
    "x": 258.6853942871094,
    "y": -248.570556640625,
    "compass": 270.40918365604244
}