{
    "x": 201.04396057128906,
    "y": -247.93850708007812,
    "compass": 268.9629047596706
}