{
    "x": 200.77755737304688,
    "y": -310.21197509765625,
    "compass": 356.21717804799283
}